"date","state","dataQualityGrade","death","deathConfirmed","deathIncrease","deathProbable","hospitalized","hospitalizedCumulative","hospitalizedCurrently","hospitalizedIncrease","inIcuCumulative","inIcuCurrently","negative","negativeIncrease","negativeTestsAntibody","negativeTestsPeopleAntibody","negativeTestsViral","onVentilatorCumulative","onVentilatorCurrently","positive","positiveCasesViral","positiveIncrease","positiveScore","positiveTestsAntibody","positiveTestsAntigen","positiveTestsPeopleAntibody","positiveTestsPeopleAntigen","positiveTestsViral","recovered","totalTestEncountersViral","totalTestEncountersViralIncrease","totalTestResults","totalTestResultsIncrease","totalTestsAntibody","totalTestsAntigen","totalTestsPeopleAntibody","totalTestsPeopleAntigen","totalTestsPeopleViral","totalTestsPeopleViralIncrease","totalTestsViral","totalTestsViralIncrease"
"2021-01-04","WA","B",3459,,-2,,15111,15111,1138,363,,248,3664591,64936,,,,,116,255396,245381,8644,0,,,,,,,3909972,73152,3909972,73152,,,,,,0,,0
"2021-01-03","WA","B",3461,,0,,14748,14748,1138,0,,248,3599655,0,,,,,118,246752,237165,0,0,,,,,,,3836820,0,3836820,0,,,,,,0,,0
"2021-01-02","WA","B",3461,,0,,14748,14748,1138,0,,248,3599655,0,,,,,118,246752,237165,0,0,,,,,,,3836820,0,3836820,0,,,,,,0,,0
"2021-01-01","WA","B",3461,,41,,14748,14748,1138,177,,248,3599655,27258,,,,,118,246752,237165,4422,0,,,,,,,3836820,31430,3836820,31430,,,,,,0,,0
"2020-12-31","WA","B",3420,,51,,14571,14571,1088,126,,235,3572397,5800,,,,,118,242330,232993,1484,0,,,,,,,3805390,7069,3805390,7069,,,,,,0,,0
"2020-12-30","WA","B",3369,,174,,14445,14445,1201,169,,245,3566597,27607,,,,,108,240846,231724,2174,0,,,,,,,3798321,29659,3798321,29659,,,,,,0,,0
"2020-12-29","WA","B",3195,,11,,14276,14276,1280,180,,265,3538990,56006,,,,,105,238672,229672,1953,0,,,,,,,3768662,57883,3768662,57883,,,,,,0,,0
"2020-12-28","WA","B",3184,,0,,14096,14096,1200,0,,243,3482984,0,,,,,90,236719,227795,0,0,,,,,,,3710779,0,3710779,0,,,,,,0,,0
"2020-12-27","WA","B",3184,,0,,14096,14096,1200,188,,243,3482984,58173,,,,,90,236719,227795,3626,0,,,,,,,3710779,61569,3710779,61569,,,,,,0,,0
"2020-12-26","WA","B",3184,,0,,13908,13908,1200,0,,243,3424811,0,,,,,108,233093,224399,0,0,,,,,,,3649210,0,3649210,0,,,,,,0,,0
"2020-12-25","WA","B",3184,,22,,13908,13908,1200,291,,243,3424811,25856,,,,,108,233093,224399,2891,0,,,,,,,3649210,28560,3649210,28560,,,,,,0,,0
"2020-12-24","WA","B",3162,,31,,13617,13617,1202,27,,263,3398955,28080,,,,,105,230202,221695,2315,0,,,,,,,3620650,30191,3620650,30191,,,,,,0,,0
"2020-12-23","WA","B",3131,,25,,13590,13590,774,75,,195,3370875,29595,,,,,97,227887,219584,1252,0,,,,,,,3590459,30764,3590459,30764,,,,,,0,,0
"2020-12-22","WA","B",3106,,2,,13515,13515,1207,124,,272,3341280,52169,,,,,128,226635,218415,4035,0,,,,,,,3559695,56118,3559695,56118,,,,,,0,,0
"2020-12-21","WA","B",3104,,0,,13391,13391,1175,0,,258,3289111,0,,,,,137,222600,214466,0,0,,,,,,,3503577,0,3503577,0,,,,,,0,,0
"2020-12-20","WA","B",3104,,0,,13391,13391,1175,100,,258,3289111,22766,,,,,137,222600,214466,2332,0,,,,,,,3503577,24949,3503577,24949,,,,,,0,,0
"2020-12-19","WA","B",3104,,-13,,13291,13291,1175,56,,258,3266345,40047,,,,,144,220268,212283,3063,0,,,,,,,3478628,45736,3478628,45736,,,,,,0,,0
"2020-12-18","WA","B",3117,,75,,13235,13235,1231,161,,273,3226298,0,,,,,150,217205,209344,2940,0,,,,,,,3432892,0,3432892,0,,,,,,0,,0
"2020-12-17","WA","B",3042,,89,,13074,13074,1233,301,,279,3226298,19691,,,,,141,214265,206594,61,0,,,,,,,3432892,21216,3432892,21216,,,,,,0,,0
"2020-12-16","WA","B",2953,2953,35,,12773,12773,1181,124,,260,3206607,30060,,,,,138,214204,206544,667,0,,,,,,,3411676,31332,3411676,31332,,,,,,0,,0
"2020-12-15","WA","B",2918,2918,39,,12649,12649,1144,124,,250,3176547,30707,,,,,128,213537,206025,652,0,,,,,,,3380344,32441,3380344,32441,,,,,,0,,0
"2020-12-14","WA","B",2879,2879,0,,12525,12525,1140,157,,248,3145840,25505,,,,,147,212885,205413,1410,0,,,,,,,3347903,27833,3347903,27833,,,,,,0,,0
"2020-12-13","WA","B",2879,2879,0,,12368,12368,1140,131,,248,3120335,29953,,,,,131,211475,204060,2228,0,,,,,,,3320070,34134,3320070,34134,,,,,,0,,0
"2020-12-12","WA","B",2879,2879,29,,12237,12237,1140,153,,248,3090382,25957,,,,,133,209247,202000,2421,0,,,,,,,3285936,29098,3285936,29098,,,,,,0,,0
"2020-12-11","WA","B",2850,2850,-166,,12084,12084,1166,88,,262,3064425,28860,,,,,133,206826,199729,2557,0,,,,,,,3256838,31410,3256838,31410,,,,,,0,,0
"2020-12-10","WA","B",3016,3016,49,,11996,11996,1177,155,,294,3035565,25842,,,,,144,204269,197334,2977,0,,,,,,,3225428,28378,3225428,28378,,,,,,0,,0
"2020-12-09","WA","B",2967,2967,26,,11841,11841,1114,145,,294,3009723,29413,,,,,141,201292,194605,3650,0,,,,,,,3197050,32336,3197050,32336,,,,,,0,,0
"2020-12-08","WA","B",2941,2941,16,,11696,11696,1094,152,,281,2980310,14757,,,,,135,197642,191241,1182,0,,,,,,,3164714,21714,3164714,21714,,,,,,0,,0
"2020-12-07","WA","B",2925,2925,0,,11544,11544,1099,69,,274,2965553,7501,,,,,135,196460,190099,1773,0,,,,,,,3143000,9155,3143000,9155,,,,,,0,,0
"2020-12-06","WA","B",2925,2925,0,,11475,11475,1099,202,,274,2958052,12196,,,,,136,194687,188411,3080,0,,,,,,,3133845,13699,3133845,13699,,,,,,0,,0
"2020-12-05","WA","B",2925,2925,25,,11273,11273,1099,78,,274,2945856,192749,,,,,132,191607,185493,3138,0,,,,,,,3120146,225779,3120146,225779,,,,,,0,,0
"2020-12-04","WA","B",2900,2900,50,,11195,11195,1097,241,,278,2753107,0,,,,,137,188469,182557,3312,0,,,,,,,2894367,0,2894367,0,,,,,,0,,0
"2020-12-03","WA","B",2850,2850,45,,10954,10954,1083,34,,274,2753107,0,,,,,135,185157,179413,3401,0,,,,,,,2894367,0,2894367,0,,,,,,0,,0
"2020-12-02","WA","B",2805,2805,31,,10920,10920,1077,25,,284,2753107,0,,,,,128,181756,176278,4702,0,,,,,,,2894367,0,2894367,0,,,,,,0,,0
"2020-12-01","WA","B",2774,2774,71,,10895,10895,1003,136,,260,2753107,0,,,,,113,177054,171778,1314,0,,,,,,,2894367,0,2894367,0,,,,,,0,,0
"2020-11-30","WA","B",2703,2703,0,,10759,10759,989,96,,256,2753107,0,,,,,103,175740,170525,2179,0,,,,,,,2894367,0,2894367,0,,,,,,0,,0
"2020-11-29","WA","B",2703,2703,0,,10663,10663,983,167,,236,2753107,0,,,,,94,173561,168419,2624,0,,,,,,,2894367,0,2894367,0,,,,,,0,,0
"2020-11-28","WA","B",2703,2703,-1,,10496,10496,990,254,,207,2753107,0,,,,,83,170937,165906,530,0,,,,,,,2894367,0,2894367,0,,,,,,0,,0
"2020-11-27","WA","B",2704,2704,0,,10242,10242,1002,0,,226,2753107,0,,,,,102,170407,165384,2936,0,,,,,,,2894367,0,2894367,0,,,,,,0,,0
"2020-11-26","WA","B",2704,2704,14,,10242,10242,1007,76,,215,2753107,0,,,,,102,167471,162590,3157,0,,,,,,,2894367,0,2894367,0,,,,,,0,,0
"2020-11-25","WA","B",2690,2690,35,,10166,10166,932,70,,214,2753107,0,,,,,101,164314,159612,3678,0,,,,,,,2894367,0,2894367,0,,,,,,0,,0
"2020-11-24","WA","B",2655,2655,36,,10096,10096,894,331,,187,2753107,0,,,,,82,160636,156154,1405,0,,,,,,,2894367,0,2894367,0,,,,,,0,,0
"2020-11-23","WA","B",2619,2619,0,,9765,9765,893,0,,165,2753107,0,,,,,86,159231,154801,1890,0,,,,,,,2894367,0,2894367,0,,,,,,0,,0
"2020-11-22","WA","B",2619,2619,0,,9765,9765,887,48,,199,2753107,14756,,,,,86,157341,152996,3193,0,,,,,,,2894367,16473,2894367,16473,,,,,,0,,0
"2020-11-21","WA","B",2619,2619,16,,9717,9717,876,64,,206,2738351,19288,,,,,87,154148,149920,3082,0,,,,,,,2877894,21420,2877894,21420,,,,,,0,,0
"2020-11-20","WA","B",2603,2603,11,,9653,9653,844,31,,209,2719063,19015,,,,,94,151066,147044,3070,0,,,,,,,2856474,21002,2856474,21002,,,,,,0,,0
"2020-11-19","WA","B",2592,2592,21,,9622,9622,748,49,,191,2700048,21088,,,,,85,147996,144161,3216,0,,,,,,,2835472,22391,2835472,22391,,,,,,0,,0
"2020-11-18","WA","B",2571,2571,23,,9573,9573,738,55,,208,2678960,14756,,,,,87,144780,141110,3454,0,,,,,,,2813081,17345,2813081,17345,,,,,,0,,0
"2020-11-17","WA","B",2548,2548,29,,9518,9518,707,93,,167,2664204,16149,,,,,85,141326,137921,1169,0,,,,,,,2795736,17641,2795736,17641,,,,,,0,,0
"2020-11-16","WA","B",2519,2519,0,,9425,9425,681,144,,177,2648055,27004,,,,,84,140157,136771,1881,0,,,,,,,2778095,29313,2778095,29313,,,,,,0,,0
"2020-11-15","WA","B",2519,2519,0,,9281,9281,658,15,,156,2621051,24462,,,,,75,138276,134923,2610,0,,,,,,,2748782,26695,2748782,26695,,,,,,0,,0
"2020-11-14","WA","B",2519,2519,12,,9266,9266,698,88,,154,2596589,25775,,,,,121,135666,132462,2910,0,,,,,,,2722087,27917,2722087,27917,,,,,,0,,0
"2020-11-13","WA","B",2507,2507,25,,9178,9178,653,86,,147,2570814,46400,,,,,76,132756,129688,2163,0,,,,,,,2694170,49745,2694170,49745,,,,,,0,,0
"2020-11-12","WA","B",2482,2482,0,,9092,9092,628,0,,115,2524414,0,,,,,58,130593,127648,2384,0,,,,,,,2644425,0,2644425,0,,,,,,0,,0
"2020-11-11","WA","B",2482,2482,22,,9092,9092,589,61,,107,2524414,15469,,,,,58,128209,125396,2713,0,,,,,,,2644425,16910,2644425,16910,,,,,,0,,0
"2020-11-10","WA","B",2460,2460,21,,9031,9031,537,228,,110,2508945,14078,,,,,62,125496,122814,777,0,,,,,,,2627515,15317,2627515,15317,,,,,,0,,0
"2020-11-09","WA","B",2439,2439,0,,8803,8803,526,8,,105,2494867,18112,,,,,55,124719,122047,1407,0,,,,,,,2612198,19432,2612198,19432,,,,,,0,,0
"2020-11-08","WA","B",2439,2439,0,,8795,8795,504,4,,103,2476755,22739,,,,,45,123312,120682,1931,0,,,,,,,2592766,24509,2592766,24509,,,,,,0,,0
"2020-11-07","WA","B",2439,2439,8,,8791,8791,510,7,,133,2454016,25492,,,,,61,121381,118811,2124,0,,,,,,,2568257,27183,2568257,27183,,,,,,0,,0
"2020-11-06","WA","B",2431,2431,15,,8784,8784,492,49,,128,2428524,20510,,,,,48,119257,116779,1872,0,,,,,,,2541074,21580,2541074,21580,,,,,,0,,0
"2020-11-05","WA","B",2416,2416,16,,8735,8735,476,60,,128,2408014,22874,,,,,62,117385,114990,1595,0,,,,,,,2519494,24343,2519494,24343,,,,,,0,,0
"2020-11-04","WA","B",2400,2400,22,,8675,8675,480,41,,131,2385140,24309,,,,,58,115790,113482,1706,0,,,,,,,2495151,24966,2495151,24966,,,,,,0,,0
"2020-11-03","WA","B",2378,2378,12,,8634,8634,471,23,,124,2360831,0,,,,,48,114084,111856,543,0,,,,,,,2470185,1039,2470185,1039,,,,,,0,,0
"2020-11-02","WA","B",2366,2366,0,,8611,8611,464,40,,103,2360831,18210,,,,,47,113541,111316,787,0,,,,,,,2469146,19024,2469146,19024,,,,,,0,,0
"2020-11-01","WA","B",2366,2366,0,,8571,8571,470,49,,112,2342621,22809,,,,,47,112754,110553,1147,0,,,,,,,2450122,23737,2450122,23737,,,,,,0,,0
"2020-10-31","WA","B",2366,2366,7,,8522,8522,450,55,,114,2319812,20017,,,,,52,111607,109457,1245,0,,,,,,,2426385,21033,2426385,21033,,,,,,0,,0
"2020-10-30","WA","B",2359,2359,6,,8467,8467,433,84,,112,2299795,21206,,,,,46,110362,108251,1102,0,,,,,,,2405352,22020,2405352,22020,,,,,,0,,0
"2020-10-29","WA","B",2353,2353,16,,8383,8383,426,25,,112,2278589,20021,,,,,40,109260,107192,1075,0,,,,,,,2383332,20737,2383332,20737,,,,,,0,,0
"2020-10-28","WA","B",2337,2337,16,,8358,8358,417,36,,100,2258568,-10528,,,,,44,108185,106157,1133,0,,,,,,,2362595,-10001,2362595,-10001,,,,,,0,,0
"2020-10-27","WA","B",2321,2321,25,,8322,8322,422,42,,88,2269096,11622,,,,,37,107052,105066,348,0,,,,,,,2372596,12209,2372596,12209,,,,,,0,,0
"2020-10-26","WA","B",2296,2296,0,,8280,8280,389,0,,100,2257474,0,,,,,43,106704,104735,589,0,,,,,,,2360387,0,2360387,0,,,,,,0,,0
"2020-10-25","WA","B",2296,2296,0,,8280,8280,405,49,,101,2257474,39888,,,,,43,106115,104151,835,0,,,,,,,2360387,41456,2360387,41456,,,,,,0,,0
"2020-10-24","WA","B",2296,2296,7,,8231,8231,412,48,,114,2217586,21836,,,,,48,105280,103363,849,0,,,,,,,2318931,22656,2318931,22656,,,,,,0,,0
"2020-10-23","WA","B",2289,2289,3,,8183,8183,437,34,,103,2195750,19171,,,,,49,104431,102550,785,0,,,,,,,2296275,19822,2296275,19822,,,,,,0,,0
"2020-10-22","WA","B",2286,2286,4,,8149,8149,407,25,,92,2176579,22941,,,,,43,103646,101792,918,0,,,,,,,2276453,23665,2276453,23665,,,,,,0,,0
"2020-10-21","WA","B",2282,2282,24,,8124,8124,414,47,,109,2153638,7963,,,,,43,102728,100906,913,0,,,,,,,2252788,8452,2252788,8452,,,,,,0,,0
"2020-10-20","WA","B",2258,2258,19,,8077,8077,392,59,,82,2145675,13091,,,,,36,101815,100029,298,0,,,,,,,2244336,13551,2244336,13551,,,,,,0,,0
"2020-10-19","WA","B",2239,2239,0,,8018,8018,388,24,,72,2132584,15695,,,,,26,101517,99734,409,0,,,,,,,2230785,16225,2230785,16225,,,,,,0,,0
"2020-10-18","WA","B",2239,2239,0,,7994,7994,376,23,,91,2116889,19529,,,,,26,101108,99334,664,0,,,,,,,2214560,20306,2214560,20306,,,,,,0,,0
"2020-10-17","WA","B",2239,2239,7,,7971,7971,396,15,,82,2097360,24353,,,,,27,100444,98704,770,0,,,,,,,2194254,25062,2194254,25062,,,,,,0,,0
"2020-10-16","WA","B",2232,2232,11,,7956,7956,376,73,,77,2073007,22007,,,,,18,99674,97960,771,0,,,,,,,2169192,22683,2169192,22683,,,,,,0,,0
"2020-10-15","WA","B",2221,2221,10,,7883,7883,373,9,,82,2051000,21867,,,,,25,98903,97214,768,0,,,,,,,2146509,22601,2146509,22601,,,,,,0,,0
"2020-10-14","WA","B",2211,2211,0,,7874,7874,367,0,,83,2029133,0,,,,,26,98135,96485,867,0,,,,,,,2123908,0,2123908,0,,,,,,0,,0
"2020-10-13","WA","B",2211,2190,21,,7874,7874,376,88,,76,2029133,60730,,,,,26,97268,95649,253,0,,,,,,,2123908,62470,2123908,62470,,,,,,0,,0
"2020-10-12","WA","B",2190,2190,0,,7786,7786,352,0,,59,1968403,0,,,,,27,97015,95402,383,0,,,,,,,2061438,0,2061438,0,,,,,,0,,0
"2020-10-11","WA","B",2190,2190,0,,7786,7786,373,24,,70,1968403,23017,,,,,27,96632,95027,701,0,,,,,,,2061438,23492,2061438,23492,,,,,,0,,0
"2020-10-10","WA","B",2190,2190,7,,7762,7762,364,29,,69,1945386,20833,,,,,30,95931,94360,726,0,,,,,,,2037946,21475,2037946,21475,,,,,,0,,0
"2020-10-09","WA","B",2183,2183,6,,7733,7733,357,30,,72,1924553,28284,,,,,29,95205,93670,723,0,,,,,,,2016471,28994,2016471,28994,,,,,,0,,0
"2020-10-08","WA","B",2177,2177,12,,7703,7703,383,30,,73,1896269,25865,,,,,30,94482,92976,723,0,,,,,,,1987477,26410,1987477,26410,,,,,,0,,0
"2020-10-07","WA","B",2165,2165,7,,7673,7673,355,51,,68,1870404,9273,,,,,31,93759,92284,906,0,,,,,,,1961067,9660,1961067,9660,,,,,,0,,0
"2020-10-06","WA","B",2158,2158,16,,7622,7622,347,-6,,64,1861131,15106,,,,,31,92853,91424,252,0,,,,,,,1951407,15508,1951407,15508,,,,,,0,,0
"2020-10-05","WA","B",2142,2142,0,,7628,7628,367,17,,78,1846025,12488,,,,,29,92601,91178,403,0,,,,,,,1935899,12943,1935899,12943,,,,,,0,,0
"2020-10-04","WA","B",2142,2142,-1,,7611,7611,370,25,,82,1833537,16588,,,,,26,92198,90786,628,0,,,,,,,1922956,17197,1922956,17197,,,,,,0,,0
"2020-10-03","WA","B",2143,2143,11,,7586,7586,361,13,,77,1816949,20361,,,,,40,91570,90186,580,0,,,,,,,1905759,21685,1905759,21685,,,,,,0,,0
"2020-10-02","WA","B",2132,2132,6,,7573,7573,371,40,,88,1796588,16021,,,,,33,90990,89635,618,0,,,,,,,1884074,15985,1884074,15985,,,,,,0,,0
"2020-10-01","WA","B",2126,2126,2,,7533,7533,410,50,,90,1780567,13210,,,,,32,90372,89047,633,0,,,,,,,1868089,13690,1868089,13690,,,,,,0,,0
"2020-09-30","WA","B",2124,2124,24,,7483,7483,384,6,,91,1767357,5532,,,,,26,89739,88438,778,0,,,,,,,1854399,5936,1854399,5936,,,,,,0,,0
"2020-09-29","WA","B",2100,2100,0,,7477,7477,362,22,,75,1761825,10888,,,,,43,88961,87686,200,0,,,,,,,1848463,11257,1848463,11257,,,,,,0,,0
"2020-09-28","WA","B",2100,2100,0,,7455,7455,355,24,,71,1750937,16144,,,,,25,88761,87487,328,0,,,,,,,1837206,16583,1837206,16583,,,,,,0,,0
"2020-09-27","WA","B",2100,2100,0,,7431,7431,395,19,,90,1734793,18998,,,,,31,88433,87171,521,0,,,,,,,1820623,19602,1820623,19602,,,,,,0,,0
"2020-09-26","WA","B",2100,2100,20,,7412,7412,383,55,,86,1715795,16754,,,,,28,87912,86666,588,0,,,,,,,1801021,17742,1801021,17742,,,,,,0,,0
"2020-09-25","WA","B",2080,2080,-1,,7357,7357,401,8,,87,1699041,39447,,,,,27,87324,86108,595,0,,,,,,,1783279,39983,1783279,39983,,,,,,0,,0
"2020-09-24","WA","B",2081,2081,11,,7349,7349,384,35,,101,1659594,1888,,,,,27,86729,85540,599,0,,,,,,,1743296,2397,1743296,2397,,,,,,0,,0
"2020-09-23","WA","B",2070,2070,0,,7314,7314,361,0,,90,1657706,0,,,,,32,86130,84971,669,0,,,,,,,1740899,0,1740899,0,,,,,,0,,0
"2020-09-22","WA","B",2070,2070,33,,7314,7314,487,52,,85,1657706,3698,,,,,32,85461,84325,196,0,,,,,,,1740899,4343,1740899,4343,,,,,,0,,0
"2020-09-21","WA","B",2037,2037,0,,7262,7262,377,14,,69,1654008,13167,,,,,21,85265,84133,323,0,,,,,,,1736556,13516,1736556,13516,,,,,,0,,0
"2020-09-20","WA","B",2037,2037,0,,7248,7248,380,33,,85,1640841,17773,,,,,26,84942,83816,535,0,,,,,,,1723040,18370,1723040,18370,,,,,,0,,0
"2020-09-19","WA","B",2037,2037,0,,7215,7215,395,0,,93,1623068,0,,,,,34,84407,83299,478,0,,,,,,,1704670,0,1704670,0,,,,,,0,,0
"2020-09-18","WA","B",2037,2037,6,,7215,7215,379,19,,,1623068,13219,,,,,34,83929,82847,471,0,,,,,,,1704670,13623,1704670,13623,,,,,,0,,0
"2020-09-17","WA","B",2031,2031,11,,7196,7196,380,34,,,1609849,13959,,,,,36,83458,82396,482,0,,,,,,,1691047,14345,1691047,14345,,,,,,0,,0
"2020-09-16","WA","B",2020,2020,5,,7162,7162,357,35,,,1595890,10640,,,,,29,82976,81937,511,0,,,,,,,1676702,10987,1676702,10987,,,,,,0,,0
"2020-09-15","WA","B",2015,2015,9,,7127,7127,348,29,,,1585250,11421,,,,,28,82465,81464,138,0,,,,,,,1665715,11748,1665715,11748,,,,,,0,,0
"2020-09-14","WA","B",2006,2006,15,,7098,7098,385,17,,,1573829,9070,,,,,26,82327,81327,239,0,,,,,,,1653967,9382,1653967,9382,,,,,,0,,0
"2020-09-13","WA","B",1991,1991,0,,7081,7081,371,33,,,1564759,13073,,,,,29,82088,81096,478,0,,,,,,,1644585,13423,1644585,13423,,,,,,0,,0
"2020-09-12","WA","B",1991,1991,0,,7048,7048,384,30,,,1551686,15949,,,,,19,81610,80649,475,0,,,,,,,1631162,16414,1631162,16414,,,,,,0,,0
"2020-09-11","WA","B",1991,1991,6,,7018,7018,392,25,,,1535737,16217,,,,,19,81135,80197,536,0,,,,,,,1614748,16761,1614748,16761,,,,,,0,,0
"2020-09-10","WA","B",1985,1985,7,,6993,6993,382,27,,,1519520,13626,,,,,29,80599,79694,564,0,,,,,,,1597987,14084,1597987,14084,,,,,,0,,0
"2020-09-09","WA","B",1978,1978,25,,6966,6966,358,106,,,1505894,20076,,,,,34,80035,79157,219,0,,,,,,,1583903,20850,1583903,20850,,,,,,0,,0
"2020-09-08","WA","B",1953,1953,0,,6860,6860,376,0,,,1485818,0,,,,,37,79816,78949,163,0,,,,,,,1563053,0,1563053,0,,,,,,0,,0
"2020-09-07","WA","B",1953,1953,0,,6860,6860,384,18,,,1485818,12177,,,,,37,79653,78795,304,0,,,,,,,1563053,12576,1563053,12576,,,,,,0,,0
"2020-09-06","WA","B",1953,1953,0,,6842,6842,403,-6,,,1473641,15886,,,,,34,79349,78503,507,0,,,,,,,1550477,16387,1550477,16387,,,,,,0,,0
"2020-09-05","WA","B",1953,1953,8,,6848,6848,417,14,,,1457755,15522,,,,,48,78842,78034,527,0,,,,,,,1534090,16001,1534090,16001,,,,,,0,,0
"2020-09-04","WA","B",1945,1945,10,,6834,6834,399,39,,,1442233,21257,,,,,50,78315,77523,528,0,,,,,,,1518089,21736,1518089,21736,,,,,,0,,0
"2020-09-03","WA","B",1935,1935,4,,6795,6795,408,8,,,1420976,15876,,,,,65,77787,77041,549,0,,,,,,,1496353,16314,1496353,16314,,,,,,0,,0
"2020-09-02","WA","B",1931,1931,16,,6787,6787,416,24,,,1405100,6490,,,,,48,77238,76522,596,0,,,,,,,1480039,6794,1480039,6794,,,,,,0,,0
"2020-09-01","WA","B",1915,1915,10,,6763,6763,392,23,,,1398610,11576,,,,,49,76642,75966,162,0,,,,,,,1473245,11891,1473245,11891,,,,,,0,,0
"2020-08-31","WA","B",1905,1905,0,,6740,6740,411,0,,,1387034,0,,,,,51,76480,75809,325,0,,,,,,,1461354,0,1461354,0,,,,,,0,,0
"2020-08-30","WA","B",1905,1905,0,,6740,6740,415,61,,,1387034,36564,,,,,51,76155,75490,499,0,,,,,,,1461354,37583,1461354,37583,,,,,,0,,0
"2020-08-29","WA","B",1905,1905,15,,6679,6679,425,5,,,1350470,15009,,,,,46,75656,75042,533,0,,,,,,,1423771,15607,1423771,15607,,,,,,0,,0
"2020-08-28","WA","B",1890,1890,10,,6674,6674,443,34,,,1335461,16313,,,,,45,75123,74555,598,0,,,,,,,1408164,16855,1408164,16855,,,,,,0,,0
"2020-08-27","WA","B",1880,1880,4,,6640,6640,459,45,,,1319148,10749,,,,,37,74525,73989,609,0,,,,,,,1391309,11205,1391309,11205,,,,,,0,,0
"2020-08-26","WA","B",1876,1876,9,,6595,6595,441,53,,,1308399,30,,,,,47,73916,73414,632,0,,,,,,,1380104,54,1380104,54,,,,,,0,,0
"2020-08-25","WA","B",1867,1867,4,,6542,6542,421,12,,,1308369,0,,,,,37,73284,72794,217,0,,,,,,,1380050,0,1380050,0,,,,,,0,,0
"2020-08-24","WA","B",1863,1863,6,,6530,6530,454,30,,,1308369,992,,,,,36,73067,72579,274,0,,,,,,,1380050,1014,1380050,1014,,,,,,0,,0
"2020-08-23","WA","B",1857,1857,7,,6500,6500,455,31,,,1307377,2442,,,,,42,72793,72306,551,0,,,,,,,1379036,2503,1379036,2503,,,,,,0,,0
"2020-08-22","WA","B",1850,1850,13,,6469,6469,469,69,,,1304935,7085,,,,,45,72242,71780,509,0,,,,,,,1376533,7269,1376533,7269,,,,,,0,,0
"2020-08-21","WA","B",1837,1837,15,,6400,6400,481,12,,,1297850,11955,,,,,48,71733,71302,628,0,,,,,,,1369264,12396,1369264,12396,,,,,,0,,0
"2020-08-20","WA","B",1822,1822,13,,6388,6388,498,30,,,1285895,12382,,,,,44,71105,70699,624,0,,,,,,,1356868,12825,1356868,12825,,,,,,0,,0
"2020-08-19","WA","B",1809,1809,24,,6358,6358,481,62,,,1273513,14264,,,,,43,70481,70088,670,0,,,,,,,1344043,14827,1344043,14827,,,,,,0,,0
"2020-08-18","WA","B",1785,1785,4,,6296,6296,475,41,,,1259249,14503,,,,,39,69811,69429,164,0,,,,,,,1329216,15101,1329216,15101,,,,,,0,,0
"2020-08-17","WA","B",1781,1781,15,,6255,6255,487,25,,,1244746,15547,,,,,43,69647,69266,359,0,,,,,,,1314115,16187,1314115,16187,,,,,,0,,0
"2020-08-16","WA","B",1766,1766,11,,6230,6230,504,24,,,1229199,4801,,,,,55,69288,68911,673,0,,,,,,,1297928,4951,1297928,4951,,,,,,0,,0
"2020-08-15","WA","B",1755,1755,19,,6206,6206,529,24,,,1224398,8491,,,,,58,68615,68263,628,0,,,,,,,1292977,8836,1292977,8836,,,,,,0,,0
"2020-08-14","WA","B",1736,1736,12,,6182,6182,519,45,,,1215907,13887,,,,,58,67987,67647,632,0,,,,,,,1284141,14510,1284141,14510,,,,,,0,,0
"2020-08-13","WA","B",1724,1724,8,,6137,6137,513,35,,,1202020,14511,,,,,40,67355,67036,725,0,,,,,,,1269631,15117,1269631,15117,,,,,,0,,0
"2020-08-12","WA","B",1716,1716,19,,6102,6102,480,53,,,1187509,16011,,,,,59,66630,66330,824,0,,,,,,,1254514,16612,1254514,16612,,,,,,0,,0
"2020-08-11","WA","B",1697,1697,9,,6049,6049,495,48,,,1171498,15268,,,,,35,65806,65516,213,0,,,,,,,1237902,15951,1237902,15951,,,,,,0,,0
"2020-08-10","WA","B",1688,1688,0,,6001,6001,532,105,,,1156230,18151,,,,,49,65593,65307,364,0,,,,,,,1221951,18954,1221951,18954,,,,,,0,,0
"2020-08-09","WA","B",1688,1688,16,,5896,5896,531,6,,,1138079,4795,,,,,60,65229,64948,674,0,,,,,,,1202997,4990,1202997,4990,,,,,,0,,0
"2020-08-08","WA","B",1672,1672,19,,5890,5890,551,16,,,1133284,8976,,,,,56,64555,64287,732,0,,,,,,,1198007,9342,1198007,9342,,,,,,0,,0
"2020-08-07","WA","B",1653,1653,29,,5874,5874,505,34,,,1124308,14356,,,,,50,63823,63567,768,0,,,,,,,1188665,15015,1188665,15015,,,,,,0,,0
"2020-08-06","WA","B",1624,1624,5,,5840,5840,518,61,,,1109952,13883,,,,,58,63055,62811,872,0,,,,,,,1173650,14589,1173650,14589,,,,,,-1009486,,0
"2020-08-05","WA","B",1619,1619,19,,5779,5779,525,35,,,1096069,14343,,,,,47,62183,61960,871,0,,,,,,,1159061,15068,1159061,15068,,,,,1009486,664,,0
"2020-08-04","WA","B",1600,1600,4,,5744,5744,518,52,,,1081726,15535,,,,,52,61312,61107,238,0,,,,,,,1143993,16374,1143993,16374,,,,,1008822,542,,0
"2020-08-03","WA","B",1596,1596,4,,5692,5692,512,37,,,1066191,16694,,,,,51,61074,60870,416,0,,,,,,,1127619,17534,1127619,17534,,,,,1008280,6752,,0
"2020-08-02","WA","B",1592,1592,28,,5655,5655,530,87,,,1049497,4559,,,,,57,60658,60456,711,0,,,,,,,1110085,4787,1110085,4787,,,,,1001528,27874,,0
"2020-08-01","WA","B",1564,1564,0,,5568,5568,532,0,,,1044938,8586,,,,,56,59947,59771,751,0,,,,,,,1105298,8996,1105298,8996,,,,,973654,0,,0
"2020-07-31","WA","B",1564,1564,9,,5568,5568,526,92,,,1036352,14129,,,,,56,59196,59029,898,0,,,,,,,1096302,14816,1096302,14816,,,,,973654,15347,,0
"2020-07-30","WA","B",1555,1555,7,,5476,5476,530,2,,,1022223,13855,,,,,57,58298,58149,959,0,,,,,,,1081486,14588,1081486,14588,,,,,958307,13073,,0
"2020-07-29","WA","B",1548,1548,30,,5474,5474,509,77,,,1008368,14401,,,,,48,57339,57202,1001,0,,,,,,,1066898,15276,1066898,15276,,,,,945234,11930,,0
"2020-07-28","WA","B",1518,1518,17,,5397,5397,478,23,,,993967,15194,,,,,49,56338,56217,337,0,,,,,,,1051622,16103,1051622,16103,,,,,933304,13957,,0
"2020-07-27","WA","B",1501,1501,7,,5374,5374,481,33,,,978773,16323,,,,,42,56001,55882,475,0,,,,,,,1035519,17296,1035519,17296,,,,,919347,15673,,0
"2020-07-26","WA","B",1494,1494,-1,,5341,5341,494,40,,,962450,4623,,,,,51,55526,55408,810,0,,,,,,,1018223,4944,1018223,4944,,,,,903674,19692,,0
"2020-07-25","WA","B",1495,1495,13,,5301,5301,520,25,,,957827,9087,,,,,52,54716,54608,907,0,,,,,,,1013279,9569,1013279,9569,,,,,883982,13219,,0
"2020-07-24","WA","B",1482,1482,14,,5276,5276,517,65,,,948740,14382,,,,,47,53809,53726,1027,0,,,,,,,1003710,15175,1003710,15175,,,,,870763,15611,,0
"2020-07-23","WA","B",1468,1468,3,,5211,5211,527,50,,,934358,13582,,,,,55,52782,52706,1096,0,,,,,,,988535,14453,988535,14453,,,,,855152,13968,,0
"2020-07-22","WA","B",1465,1465,12,,5161,5161,546,59,,,920776,14751,,,,,51,51686,51617,1000,0,,,,,,,974082,15767,974082,15767,,,,,841184,14830,,0
"2020-07-21","WA","B",1453,1453,6,,5102,5102,494,39,,,906025,15973,,,,,43,50686,50620,343,0,,,,,,,958315,17057,958315,17057,,,,,826354,17015,,0
"2020-07-20","WA","B",1447,1447,3,,5063,5063,511,30,,,890052,16737,,,,,42,50343,50278,535,0,,,,,,,941258,17727,941258,17727,,,,,809339,17553,,0
"2020-07-19","WA","B",1444,1444,10,,5033,5033,534,49,,,873315,4877,,,,,62,49808,49743,908,0,,,,,,,923531,5211,923531,5211,,,,,791786,24129,,0
"2020-07-18","WA","B",1434,1434,7,,4984,4984,524,40,,,868438,9163,,,,,46,48900,48849,861,0,,,,,,,918320,9687,918320,9687,,,,,767657,14483,,0
"2020-07-17","WA","B",1427,1427,6,,4944,4944,536,115,,,859275,15519,,,,,45,48039,47998,1000,0,,,,,,,908633,16397,908633,16397,,,,,753174,19288,,0
"2020-07-16","WA","B",1421,1421,17,,4829,4829,527,41,,,843756,14586,,,,,53,47039,47016,969,0,,,,,,,892236,15411,892236,15411,,,,,733886,15652,,0
"2020-07-15","WA","B",1404,1404,5,,4788,4788,497,10,,,829170,15888,,,,,55,46070,46048,1093,0,,,,,,,876825,16850,876825,16850,,,,,718234,9960,,0
"2020-07-14","WA","B",1399,1399,-39,,4778,4778,445,27,,,813282,16965,,,,,39,44977,44960,344,0,,,,,,,859975,17913,859975,17913,,,,,708274,22269,,0
"2020-07-13","WA","B",1438,1438,14,,4751,4751,443,89,,,796317,17490,,,,,35,44633,44616,542,0,,,,,,,842062,18560,842062,18560,,,,,686005,17539,,0
"2020-07-12","WA","B",1424,1424,0,,4662,4662,447,0,,,778827,5048,,,,,57,44091,44074,850,0,,,,,,,823502,5382,823502,5382,,,,,668466,0,,0
"2020-07-11","WA","B",1424,1424,15,,4662,4662,447,-3,,,773779,9817,,,,,57,43241,43226,866,0,,,,,,,818120,10343,818120,10343,,,,,668466,8136,,0
"2020-07-10","WA","B",1409,1409,15,,4665,4665,460,35,,,763962,13386,,,,,60,42375,42364,972,0,,,,,,,807777,14227,807777,14227,,,,,660330,15258,,0
"2020-07-09","WA","B",1394,1394,10,,4630,4630,468,48,,,750576,11657,,,,,59,41403,41394,1062,0,,,,,,,793550,12499,793550,12499,,,,,645072,9548,,0
"2020-07-08","WA","B",1384,1384,14,,4582,4582,425,38,,,738919,14437,,,,,52,40341,40332,985,0,,,,,,,781051,15397,781051,15397,,,,,635524,6268,,0
"2020-07-07","WA","B",1370,1370,11,,4544,4544,407,62,,,724482,16609,,,,,37,39356,39349,301,0,,,,,,,765654,17656,765654,17656,,,,,629256,16550,,0
"2020-07-06","WA","B",1359,1359,5,,4482,4482,398,9,,,707873,16780,,,,,39,39055,39048,241,0,,,,,,,747998,17749,747998,17749,,,,,612706,5430,,0
"2020-07-05","WA","B",1354,1354,2,,4473,4473,412,10,,,691093,4510,,,,,56,38814,38807,453,0,,,,,,,730249,4803,730249,4803,,,,,607276,7301,,0
"2020-07-04","WA","B",1352,1352,10,,4463,4463,446,21,,,686583,4403,,,,,58,38361,38354,888,0,,,,,,,725446,4634,725446,4634,,,,,599975,14986,,0
"2020-07-03","WA","B",1342,1342,3,,4442,4442,460,40,,,682180,9626,,,,,62,37473,37466,884,0,,,,,,,720812,10069,720812,10069,,,,,584989,13025,,0
"2020-07-02","WA","B",1339,1339,7,,4402,4402,430,41,,,672554,13942,,,,,57,36589,36582,920,0,,,,,,,710743,14811,710743,14811,,,,,571964,14689,,0
"2020-07-01","WA","B",1332,1332,12,,4361,4361,427,38,,,658612,15270,,,,,50,35669,35664,989,0,,,,,,,695932,16148,695932,16148,,,,,557275,9055,,0
"2020-06-30","WA","B",1320,1320,10,,4323,4323,395,48,,,643342,16827,,,,,50,34680,34675,266,0,,,,,,,679784,17729,679784,17729,,,,,548220,13777,,0
"2020-06-29","WA","B",1310,1310,0,,4275,4275,387,35,,,626515,16632,,,,,52,34414,34409,493,0,,,,,,,662055,17616,662055,17616,,,,,534443,8641,,0
"2020-06-28","WA","B",1310,1310,6,,4240,4240,400,46,,,609883,4590,,,,,58,33921,33916,626,0,,,,,,,644439,4854,644439,4854,,,,,525802,11374,,0
"2020-06-27","WA","B",1304,1304,4,,4194,4194,386,88,,,605293,8189,,,,,50,33295,33292,661,0,,,,,,,639585,8678,639585,8678,,,,,514428,8633,,0
"2020-06-26","WA","B",1300,1300,7,,4106,4106,372,13,,,597104,12967,,,,,49,32634,32632,676,0,,,,,,,630907,13587,630907,13587,,,,,505795,10297,,0
"2020-06-25","WA","B",1293,1293,9,,4093,4093,402,26,,,584137,12573,,,,,56,31958,31956,620,0,,,,,,,617320,13233,617320,13233,,,,,495498,8439,,0
"2020-06-24","WA","B",1284,1284,8,,4067,4067,386,5,,,571564,13870,,,,,44,31338,31338,724,0,,,,,,,604087,14545,604087,14545,,,,,487059,9855,,0
"2020-06-23","WA","B",1276,1276,6,,4062,4062,372,13,,,557694,12482,,,,,37,30614,30614,191,0,,,,,,,589542,13098,589542,13098,,,,,477204,2266,,0
"2020-06-22","WA","B",1270,1270,5,,4049,4049,362,19,,,545212,12915,,,,,42,30423,30423,315,0,,,,,,,576444,13634,576444,13634,,,,,474938,8869,,0
"2020-06-21","WA","B",1265,1265,10,,4030,4030,371,27,,,532297,3608,,,,,54,30108,30108,521,0,,,,,,,562810,3797,562810,3797,,,,,466069,-8807,,0
"2020-06-20","WA","B",1255,1255,10,,4003,4003,359,44,,,528689,6758,,,,,49,29587,29587,542,0,,,,,,,559013,7072,559013,7072,,,,,474876,689,,0
"2020-06-19","WA","B",1245,1245,19,,3959,3959,396,21,,,521931,9489,,,,,47,29045,29045,460,0,,,,,,,551941,10006,551941,10006,,,,,474187,4419,,0
"2020-06-18","WA","B",1226,1226,-5,,3938,3938,373,23,,,512442,9258,,,,,47,28585,28585,494,0,,,,,,,541935,9795,541935,9795,,,,,469768,6619,,0
"2020-06-17","WA","B",1231,1231,10,,3915,3915,359,21,,,503184,10334,,,,,47,28091,28091,520,0,,,,,,,532140,10795,532140,10795,,,,,463149,8913,,0
"2020-06-16","WA","B",1221,1221,4,,3894,3894,342,38,,,492850,12066,,,,,38,27571,27571,136,0,,,,,,,521345,12560,521345,12560,,,,,454236,10942,,0
"2020-06-15","WA","B",1217,1217,4,,3856,3856,357,11,,,480784,11366,,,,,41,27435,27435,193,0,,,,,,,508785,11883,508785,11883,,,,,443294,10675,,0
"2020-06-14","WA","B",1213,1213,9,,3845,3845,350,28,,,469418,3957,,,,,49,27242,27242,390,0,,,,,,,496902,4093,496902,4093,,,,,432619,3760,,0
"2020-06-13","WA","B",1204,1204,10,,3817,3817,372,45,,,465461,6230,,,,,43,26852,26852,400,0,,,,,,,492809,6423,492809,6423,,,,,428859,6089,,0
"2020-06-12","WA","B",1194,1194,4,,3772,3772,386,-1,,,459231,9249,,,,,8,26452,26452,371,0,,,,,,,486386,9637,486386,9637,,,,,422770,9191,,0
"2020-06-11","WA","B",1190,1190,14,,3773,3773,384,26,,,449982,11570,,,,,63,26081,26081,409,0,,,,,,,476749,11970,476749,11970,,,,,413579,11209,,0
"2020-06-10","WA","B",1176,1176,15,,3747,3747,350,48,,,438412,12053,,,,,92,25672,25672,510,0,,,,,,,464779,12421,464779,12421,,,,,402370,11555,,0
"2020-06-09","WA","B",1161,1161,2,,3699,3699,372,30,,,426359,11343,,,,,60,25162,25162,110,0,,,,,,,452358,11751,452358,11751,,,,,390815,9785,,0
"2020-06-08","WA","B",1159,1159,6,,3669,3669,350,17,,,415016,10050,,,,,66,25052,25052,163,0,,,,,,,440607,10560,440607,10560,,,,,381030,8276,,0
"2020-06-07","WA","B",1153,1153,4,,3652,3652,446,13,,,404966,3015,,,,,57,24889,24889,393,0,,,,,,,430047,3125,430047,3125,,,,,372754,2372,,0
"2020-06-06","WA","B",1149,1149,11,,3639,3639,479,24,,,401951,4610,,,,,86,24496,24496,327,0,,,,,,,426922,4772,426922,4772,,,,,370382,3749,,0
"2020-06-05","WA","B",1138,1138,3,,3615,3615,519,37,,,397341,7676,,,,,91,24169,24169,382,0,,,,,,,422150,8069,422150,8069,,,,,366633,6259,,0
"2020-06-04","WA","B",1135,1135,6,,3578,3578,484,35,,,389665,6047,,,,,94,23787,23787,417,0,,,,,,,414081,6377,414081,6377,,,,,360374,4589,,0
"2020-06-03","WA","B",1129,1129,5,,3543,3543,474,26,,,383618,6946,,,,,89,23370,23370,410,0,,,,,,,407704,7329,407704,7329,,,,,355785,5328,,0
"2020-06-02","WA","B",1124,1124,6,,3517,3517,473,16,,,376672,8055,,,,,48,22960,22960,100,0,,,,,,,400375,8470,400375,8470,,,,,350457,6407,,0
"2020-06-01","WA","B",1118,1118,0,,3501,3501,497,21,,,368617,7613,,,,,52,22860,22860,149,0,,,,,,,391905,8023,391905,8023,,,,,344050,6198,,0
"2020-05-31","WA","B",1118,1118,7,,3480,3480,536,25,,,361004,2822,,,,,67,22711,22711,344,0,,,,,,,383882,2922,383882,2922,,,,,337852,2344,,0
"2020-05-30","WA","B",1111,1111,5,,3455,3455,541,42,,,358182,3939,,,,,88,22367,22367,302,0,,,,,,,380960,4087,380960,4087,,,,,335508,3298,,0
"2020-05-29","WA","B",1106,1106,11,,3413,3413,547,19,,,354243,6495,,,,,85,22065,22065,351,0,,,,,,,376873,6840,376873,6840,,,,,332210,5392,,0
"2020-05-28","WA","B",1095,1095,17,,3394,3394,524,56,,,347748,6522,,,,,94,21714,21714,400,0,,,,,,,370033,6822,370033,6822,,,,,326818,5232,,0
"2020-05-27","WA","B",1078,1078,8,,3338,3338,521,48,,,341226,6958,,,,,53,21314,21314,149,0,,,,,,,363211,7309,363211,7309,,,,,321586,5743,,0
"2020-05-26","WA","B",1070,1070,9,,3290,3290,509,3,,,334268,8372,,,,,51,21165,21165,102,0,,,,,,,355902,8770,355902,8770,,,,,315843,6895,,0
"2020-05-25","WA","B",1061,1061,6,,3287,3287,536,31,,,325896,3154,,,,,47,21063,21063,151,0,,,,,,,347132,3303,347132,3303,,,,,308948,2483,,0
"2020-05-24","WA","B",1055,1055,5,,3256,3256,560,26,,,322742,2722,,,,,74,20912,20912,313,0,,,,,,,343829,2823,343829,2823,,,,,306465,2342,,0
"2020-05-23","WA","B",1050,1050,6,,3230,3230,553,74,,,320020,3201,,,,,96,20599,20599,297,0,,,,,,,341006,3350,341006,3350,,,,,304123,2671,,0
"2020-05-22","WA","B",1044,1044,7,,3156,3156,572,31,,,316819,5531,,,,,85,20302,20302,268,0,,,,,,,337656,5844,337656,5844,,,,,301452,4568,,0
"2020-05-21","WA","B",1037,1037,6,,3125,3125,518,3125,,,311288,5437,,,,,70,20034,20034,299,0,,,,,,,331812,5733,331812,5733,,,,,296884,4672,,0
"2020-05-20","WA","B",1031,1031,29,,,,504,0,,52,305851,6792,,,,,,19735,19735,319,0,,,,,,,326079,7060,326079,7060,,,,,292212,5638,,0
"2020-05-19","WA","A",1002,1002,1,,,,539,0,,52,299059,8335,,,,,,19416,19416,64,0,,,,,,,319019,8633,319019,8633,,,,,286574,7096,,0
"2020-05-18","WA","A",1001,1001,1,,,,558,0,,52,290724,8143,,,,,,19352,19352,118,0,,,,,,,310386,8462,310386,8462,,,,,279478,6982,,0
"2020-05-17","WA","A",1000,1000,8,,,,581,0,,52,282581,2404,,,,,,19234,19234,282,0,,,,,,,301924,2468,301924,2468,,,,,272496,1970,,0
"2020-05-16","WA","A",992,992,9,,,,663,0,,90,280177,3380,,,,,,18952,18952,271,0,,,,,,,299456,3498,299456,3498,,,,,270526,2829,,0
"2020-05-15","WA","A",983,983,8,,,,626,0,,114,276797,6278,,,,,,18681,18681,312,0,,,,,,,295958,6541,295958,6541,,,,,267697,5404,,0
"2020-05-14","WA","A",975,975,13,,,,645,0,,111,270519,6102,,,,,,18369,18369,251,0,,,,,,,289417,6373,289417,6373,,,,,262293,5005,,0
"2020-05-13","WA","A",962,962,17,,,,562,0,,114,264417,5836,,,,,,18118,18118,294,0,,,,,,,283044,6144,283044,6144,,,,,257288,4747,,0
"2020-05-12","WA","A",945,945,14,,,,321,0,,94,258581,5856,,,,,,17824,17824,61,0,,,,,,,276900,6106,276900,6106,,,,,252541,4976,,0
"2020-05-11","WA","B",931,931,10,,,,350,0,,110,252725,5902,,,,,,17763,17763,126,0,,,,,,,270794,6198,270794,6198,,,,,247565,4843,,0
"2020-05-10","WA","B",921,921,16,,,,335,0,,101,246823,1714,,,,,,17637,17637,254,0,,,,,,,264596,1776,264596,1776,,,,,242722,1361,,0
"2020-05-09","WA","B",905,905,14,,,,393,0,,128,245109,2380,,,,,,17383,17383,266,0,,,,,,,262820,2508,262820,2508,,,,,241361,2094,,0
"2020-05-08","WA","B",891,891,21,,,,393,0,,122,242729,5843,,,,,,17117,17117,289,0,,,,,,,260312,6096,260312,6096,,,,,239267,5175,,0
"2020-05-07","WA","B",870,870,8,,,,358,0,,144,236886,5249,,,,,,16828,16828,259,0,,,,,,,254216,5514,254216,5514,,,,,234092,4584,,0
"2020-05-06","WA","B",862,862,21,,,,390,0,,127,231637,6123,,,,,,16569,16569,388,0,,,,,,,248702,6412,248702,6412,,,,,229508,5299,,0
"2020-05-05","WA","B",841,841,7,,,,292,0,,102,225514,5867,,,,,,16181,16181,85,0,,,,,,,242290,6125,242290,6125,,,,,224209,5069,,0
"2020-05-04","WA","B",834,834,4,,,,263,0,,86,219647,5979,,,,,,16096,16096,113,0,,,,,,,236165,6365,236165,6365,,,,,219140,5510,,0
"2020-05-03","WA","B",830,,6,,,,411,0,,120,213668,1713,,,,,,15983,15983,318,0,,,,,,,229800,1797,229800,1797,,,,,213630,1484,,0
"2020-05-02","WA","B",824,,10,,,,428,0,,117,211955,2592,,,,,,15665,15665,247,0,,,,,,,228003,2704,228003,2704,,,,,212146,2319,,0
"2020-05-01","WA","B",814,,13,,,,470,0,,120,209363,5378,,,,,,15418,15418,328,0,,,,,,,225299,5695,225299,5695,,,,,209827,4792,,0
"2020-04-30","WA","B",801,,15,,,,474,0,,145,203985,5278,,,,,,15090,15090,295,0,,,,,,,219604,5526,219604,5526,,,,,205035,4882,,0
"2020-04-29","WA","B",786,,21,,,,490,0,,156,198707,5368,,,,,,14795,14795,370,0,,,,,,,214078,5696,214078,5696,,,,,200153,4923,,0
"2020-04-28","WA","B",765,,16,,,,436,0,,158,193339,5673,,,,,,14425,14425,114,0,,,,,,,208382,5968,208382,5968,,,,,195230,5347,,0
"2020-04-27","WA","B",749,,11,,,,536,0,,115,187666,5428,,,,,,14311,14311,166,0,,,,,,,202414,5797,202414,5797,,,,,189883,5117,,0
"2020-04-26","WA","B",738,,73,,,,508,0,,145,182238,1972,,,,,,14145,14145,351,0,,,,,,,196617,2085,196617,2085,,,,,184766,1778,,0
"2020-04-25","WA","B",665,,6,,,,455,0,,174,180266,3282,,,,,,13794,13794,275,0,,,,,,,194532,3448,194532,3448,,,,,182988,3011,,0
"2020-04-24","WA","C",659,,5,,,,551,0,,164,176984,5826,,,,,,13519,13519,284,0,,,,,,,191084,6176,191084,6176,,,,,179977,5509,,0
"2020-04-23","WA","C",654,,7,,,,544,0,,151,171158,4689,,,,,,13235,13235,268,0,,,,,,,184908,4963,184908,4963,,,,,174468,4338,,0
"2020-04-22","WA","C",647,,7,,,,543,0,,161,166469,4844,,,,,,12967,12967,334,0,,,,,,,179945,5127,179945,5127,,,,,170130,4424,,0
"2020-04-21","WA","C",640,,11,,,,503,0,,161,161625,4521,,,,,,12633,12633,96,0,,,,,,,174818,4791,174818,4791,,,,,165706,4202,,0
"2020-04-20","WA","C",629,,14,,,,403,0,,122,157104,4634,,,,,,12537,12537,176,0,,,,,,,170027,4968,170027,4968,,,,,161504,4388,,0
"2020-04-19","WA","C",615,,17,,,,586,0,,193,152470,1871,,,,,,12361,12361,347,0,,,,,,,165059,1967,165059,1967,,,,,157116,1677,,0
"2020-04-18","WA","C",598,,13,,,,518,0,,155,150599,2393,,,,,,12014,12014,309,0,,,,,,,163092,2568,163092,2568,,,,,155439,2246,,0
"2020-04-17","WA","C",585,,14,,,,622,0,,195,148206,4772,,,,,,11705,11705,329,0,,,,,,,160524,5123,160524,5123,,,,,153193,4452,,0
"2020-04-16","WA","C",571,,20,,,,595,0,,196,143434,4393,,,,,,11376,11376,302,0,,,,,,,155401,4702,155401,4702,,,,,148741,4348,,0
"2020-04-15","WA","C",551,,9,,,,645,0,,194,139041,4170,,,,,,11074,11074,371,0,,,,,,,150699,4498,150699,4498,,,,,144393,4146,,0
"2020-04-14","WA","C",542,,16,,,,387,0,,98,134871,4356,,,,,,10703,10703,90,0,,,,,,,146201,4658,146201,4658,,,,,140247,4309,,0
"2020-04-13","WA","C",526,,17,,,,527,0,,166,130515,4215,,,,,,10613,10613,155,0,,,,,,,141543,4586,141543,4586,,,,,135938,4220,,0
"2020-04-12","WA","C",509,,15,,,,642,0,,191,126300,1392,,,,,,10458,10458,309,0,,,,,,,136957,1481,136957,1481,,,,,131718,1431,,0
"2020-04-11","WA","C",494,,18,,,,649,0,,191,124908,2032,,,,,,10149,10149,363,0,,,,,,,135476,2187,135476,2187,,,,,130287,2076,,0
"2020-04-10","WA","C",476,,17,,,,642,0,,191,122876,4172,,,,,,9786,9786,346,0,,,,,,,133289,4481,133289,4481,,,,,128211,4299,,0
"2020-04-09","WA","A",459,,16,,,,650,0,,191,118704,4128,,,,,,9440,9440,413,0,,,,,,,128808,4491,128808,4491,,,,,123912,4306,,0
"2020-04-08","WA","A",443,,14,,,,655,0,,186,114576,4720,,,,,,9027,9027,395,0,,,,,,,124317,5065,124317,5065,,,,,119606,4804,,0
"2020-04-07","WA","A",429,,22,,,,641,0,,190,109856,5063,,,,,,8632,8632,171,0,,,,,,,119252,5476,119252,5476,,,,,114802,5229,,0
"2020-04-06","WA","A",407,,21,,,,638,0,,191,104793,4989,,,,,,8461,8461,207,0,,,,,,,113776,5383,113776,5383,,,,,109573,5136,,0
"2020-04-05","WA","A",386,,21,,,,581,0,,178,99804,1925,,,,,,8254,8254,416,0,,,,,,,108393,2096,108393,2096,,,,,104437,1952,,0
"2020-04-04","WA","A",365,,27,,,,574,0,,174,97879,2492,,,,,,7838,7838,399,0,,,,,,,106297,2699,106297,2699,,,,,102485,2614,,0
"2020-04-03","WA","A",338,,28,,,,,0,,,95387,4638,,,,,,7439,7439,452,0,,,,,,,103598,5053,103598,5053,,,,,99871,4854,,0
"2020-04-02","WA","A",310,,28,,,,,0,,,90749,4774,,,,,,6987,6987,462,0,,,,,,,98545,5171,98545,5171,,,,,95017,4907,,0
"2020-04-01","WA","A",282,,20,,,,,0,,,85975,4512,,,,,,6525,6525,568,0,,,,,,,93374,4962,93374,4962,,,,,90110,4717,,0
"2020-03-31","WA","A",262,,14,,,,,0,,,81463,4416,,,,,,5957,5957,241,0,,,,,,,88412,4881,88412,4881,,,,,85393,4706,,0
"2020-03-30","WA","A",248,,11,,,,,0,,,77047,4887,,,,,,5716,5716,287,0,,,,,,,83531,5450,83531,5450,,,,,80687,5150,,0
"2020-03-29","WA","A",237,,17,,,,,0,,,72160,1745,,,,,,5429,5429,462,0,,,,,,,78081,1987,78081,1987,,,,,75537,1833,,0
"2020-03-28","WA","A",220,,21,,,,,0,,,70415,2509,,,,,,4967,4967,435,0,,,,,,,76094,2797,76094,2797,,,,,73704,2601,,0
"2020-03-27","WA","A",199,,16,,,,,0,,,67906,4153,,,,,,4532,4532,441,0,,,,,,,73297,4617,73297,4617,,,,,71103,4360,,0
"2020-03-26","WA","A",183,,24,,,,,0,,,63753,4252,,,,,,4091,4091,438,0,,,,,,,68680,4687,68680,4687,,,,,66743,4471,,0
"2020-03-25","WA","A",159,,13,,,,,0,,,59501,4808,,,,,,3653,3653,463,0,,,,,,,63993,5248,63993,5248,,,,,62272,5007,,0
"2020-03-24","WA","A",146,,9,,,,,0,,,54693,5062,,,,,,3190,3190,192,0,,,,,,,58745,5500,58745,5500,,,,,57265,5227,,0
"2020-03-23","WA","A",137,,11,,,,,0,,,49631,5044,,,,,,2998,2998,197,0,,,,,,,53245,5507,53245,5507,,,,,52038,5303,,0
"2020-03-22","WA",,126,,15,,,,,0,,,44587,1846,,,,,,2801,2801,304,0,,,,,,,47738,2032,47738,2032,,,,,46735,1888,,0
"2020-03-21","WA",,111,,7,,,,,0,,,42741,2236,,,,,,2497,2497,334,0,,,,,,,45706,2430,45706,2430,,,,,44847,2342,,0
"2020-03-20","WA",,104,,12,,,,,0,,,40505,3817,,,,,,2163,2163,290,0,,,,,,,43276,4120,43276,4120,,,,,42505,4061,,0
"2020-03-19","WA",,92,,10,,,,,0,,,36688,4127,,,,,,1873,1873,268,0,,,,,,,39156,4460,39156,4460,,,,,38444,4550,,0
"2020-03-18","WA",,82,,4,,,,,0,,,32561,4537,,,,,,1605,1605,300,0,,,,,,,34696,4826,34696,4826,,,,,33894,4740,,0
"2020-03-17","WA",,78,,9,,,,,0,,,28024,4551,,,,,,1305,1305,108,0,,,,,,,29870,4815,29870,4815,,,,,29154,4638,,0
"2020-03-16","WA",,69,,12,,,,,0,,,23473,4696,,,,,,1197,1197,156,0,,,,,,,25055,4996,25055,4996,,,,,24516,4895,,0
"2020-03-15","WA",,57,,6,,,,,0,,,18777,1635,,,,,,1041,1041,214,0,,,,,,,20059,1743,20059,1743,,,,,19621,1689,,0
"2020-03-14","WA",,51,,4,,,,,0,,,17142,2220,,,,,,827,827,179,0,,,,,,,18316,2376,18316,2376,,,,,17932,2329,,0
"2020-03-13","WA",,47,,3,,,,,0,,,14922,4109,,,,,,648,648,133,0,,,,,,,15940,4326,15940,4326,,,,,15603,4234,,0
"2020-03-12","WA",,44,,4,,,,,0,,,10813,3630,,,,,,515,515,110,0,,,,,,,11614,3809,11614,3809,,,,,11369,3764,,0
"2020-03-11","WA",,40,,3,,,,,0,,,7183,2185,,,,,,405,405,62,0,,,,,,,7805,2319,7805,2319,,,,,7605,2267,,0
"2020-03-10","WA",,37,,2,,,,,0,,,4998,1703,,,,,,343,343,61,0,,,,,,,5486,1813,5486,1813,,,,,5338,1784,,0
"2020-03-09","WA",,35,,4,,,,,0,,,3295,980,,,,,,282,282,38,0,,,,,,,3673,1041,3673,1041,,,,,3554,1024,,0
"2020-03-08","WA",,31,,4,,,,,0,,,2315,479,,,,,,244,244,38,0,,,,,,,2632,540,2632,540,,,,,2530,523,,0
"2020-03-07","WA",,27,,1,,,,,0,,,1836,387,,,,,,206,206,51,0,,,,,,,2092,425,2092,425,,,,,2007,403,,0
"2020-03-06","WA",,26,,6,,,,,0,,,1449,472,,,,,,155,155,38,0,,,,,,,1667,511,1667,511,,,,,1604,476,,0
"2020-03-05","WA",,20,,4,,,,,0,,,977,323,,,,,,117,117,24,0,,,,,,,1156,374,1156,374,,,,,1128,360,,0
"2020-03-04","WA",,16,,2,,,,,0,,,654,213,,,,,,93,93,34,0,,,,,,,782,251,782,251,,,,,768,245,,0
"2020-03-03","WA",,14,,3,,,,,0,,,441,201,,,,,,59,59,16,0,,,,,,,531,226,531,226,,,,,523,225,,0
"2020-03-02","WA",,11,,3,,,,,0,,,240,157,,,,,,43,43,17,0,,,,,,,305,188,305,188,,,,,298,184,,0
"2020-03-01","WA",,8,,3,,,,,0,,,83,59,,,,,,26,26,8,0,,,,,,,117,75,117,75,,,,,114,73,,0
"2020-02-29","WA",,5,,1,,,,,0,,,24,24,,,,,,18,18,3,0,,,,,,,42,42,42,42,,,,,41,41,,0
"2020-02-28","WA",,4,,2,,,,,0,,,0,0,,,,,,15,15,2,0,,,,,,,0,0,0,0,,,,,,0,,0
"2020-02-27","WA",,2,,0,,,,,0,,,0,0,,,,,,13,13,1,0,,,,,,,0,0,0,0,,,,,,0,,0
"2020-02-26","WA",,2,,2,,,,,0,,,0,0,,,,,,12,12,2,0,,,,,,,0,0,0,0,,,,,,0,,0
"2020-02-25","WA",,,,0,,,,,0,,,0,0,,,,,,10,10,1,0,,,,,,,0,0,0,0,,,,,,0,,0
"2020-02-24","WA",,,,0,,,,,0,,,0,0,,,,,,9,9,1,0,,,,,,,0,0,0,0,,,,,,0,,0
"2020-02-23","WA",,,,0,,,,,0,,,0,0,,,,,,8,8,1,0,,,,,,,0,0,0,0,,,,,,0,,0
"2020-02-22","WA",,,,0,,,,,0,,,0,0,,,,,,7,7,0,0,,,,,,,0,0,0,0,,,,,,0,,0
"2020-02-21","WA",,,,0,,,,,0,,,0,0,,,,,,7,7,0,0,,,,,,,0,0,0,0,,,,,,0,,0
"2020-02-20","WA",,,,0,,,,,0,,,0,0,,,,,,7,7,0,0,,,,,,,0,0,0,0,,,,,,0,,0
"2020-02-19","WA",,,,0,,,,,0,,,0,0,,,,,,7,7,0,0,,,,,,,0,0,0,0,,,,,,0,,0
"2020-02-18","WA",,,,0,,,,,0,,,0,0,,,,,,7,7,0,0,,,,,,,0,0,0,0,,,,,,0,,0
"2020-02-17","WA",,,,0,,,,,0,,,0,0,,,,,,7,7,0,0,,,,,,,0,0,0,0,,,,,,0,,0
"2020-02-16","WA",,,,0,,,,,0,,,0,0,,,,,,7,7,0,0,,,,,,,0,0,0,0,,,,,,0,,0
"2020-02-15","WA",,,,0,,,,,0,,,0,0,,,,,,7,7,0,0,,,,,,,0,0,0,0,,,,,,0,,0
"2020-02-14","WA",,,,0,,,,,0,,,0,0,,,,,,7,7,1,0,,,,,,,0,0,0,0,,,,,,0,,0
"2020-02-13","WA",,,,0,,,,,0,,,0,0,,,,,,6,6,1,0,,,,,,,0,0,0,0,,,,,,0,,0
"2020-02-12","WA",,,,0,,,,,0,,,0,0,,,,,,5,5,0,0,,,,,,,0,0,0,0,,,,,,0,,0
"2020-02-11","WA",,,,0,,,,,0,,,0,0,,,,,,5,5,0,0,,,,,,,0,0,0,0,,,,,,0,,0
"2020-02-10","WA",,,,0,,,,,0,,,0,0,,,,,,5,5,0,0,,,,,,,0,0,0,0,,,,,,0,,0
"2020-02-09","WA",,,,0,,,,,0,,,0,0,,,,,,5,5,0,0,,,,,,,0,0,0,0,,,,,,0,,0
"2020-02-08","WA",,,,0,,,,,0,,,0,0,,,,,,5,5,0,0,,,,,,,0,0,0,0,,,,,,0,,0
"2020-02-07","WA",,,,0,,,,,0,,,0,0,,,,,,5,5,0,0,,,,,,,0,0,0,0,,,,,,0,,0
"2020-02-06","WA",,,,0,,,,,0,,,0,0,,,,,,5,5,2,0,,,,,,,0,0,0,0,,,,,,0,,0
"2020-02-05","WA",,,,0,,,,,0,,,0,0,,,,,,3,3,0,0,,,,,,,0,0,0,0,,,,,,0,,0
"2020-02-04","WA",,,,0,,,,,0,,,0,0,,,,,,3,3,0,0,,,,,,,0,0,0,0,,,,,,0,,0
"2020-02-03","WA",,,,0,,,,,0,,,0,0,,,,,,3,3,1,0,,,,,,,0,0,0,0,,,,,,0,,0
"2020-02-02","WA",,,,0,,,,,0,,,0,0,,,,,,2,2,0,0,,,,,,,0,0,0,0,,,,,,0,,0
"2020-02-01","WA",,,,0,,,,,0,,,0,0,,,,,,2,2,0,0,,,,,,,0,0,0,0,,,,,,0,,0
"2020-01-31","WA",,,,0,,,,,0,,,0,0,,,,,,2,2,0,0,,,,,,,0,0,0,0,,,,,,0,,0
"2020-01-30","WA",,,,0,,,,,0,,,0,0,,,,,,2,2,0,0,,,,,,,0,0,0,0,,,,,,0,,0
"2020-01-29","WA",,,,0,,,,,0,,,0,0,,,,,,2,2,0,0,,,,,,,0,0,0,0,,,,,,0,,0
"2020-01-28","WA",,,,0,,,,,0,,,0,0,,,,,,2,2,0,0,,,,,,,0,0,0,0,,,,,,0,,0
"2020-01-27","WA",,,,0,,,,,0,,,0,0,,,,,,2,2,0,0,,,,,,,0,0,0,0,,,,,,0,,0
"2020-01-26","WA",,,,0,,,,,0,,,0,0,,,,,,2,2,0,0,,,,,,,0,0,0,0,,,,,,0,,0
"2020-01-25","WA",,,,0,,,,,0,,,0,0,,,,,,2,2,0,0,,,,,,,0,0,0,0,,,,,,0,,0
"2020-01-24","WA",,,,0,,,,,0,,,0,0,,,,,,2,2,0,0,,,,,,,0,0,0,0,,,,,,0,,0
"2020-01-23","WA",,,,0,,,,,0,,,0,0,,,,,,2,2,0,0,,,,,,,0,0,0,0,,,,,,0,,0
"2020-01-22","WA",,,,0,,,,,0,,,0,0,,,,,,2,2,0,0,,,,,,,0,0,0,0,,,,,,0,,0
"2020-01-21","WA",,,,0,,,,,0,,,,0,,,,,,2,2,1,0,,,,,,,,0,,0,,,,,,0,,0
"2020-01-20","WA",,,,0,,,,,0,,,,0,,,,,,1,1,0,0,,,,,,,,0,,0,,,,,,0,,0
"2020-01-19","WA",,,,0,,,,,0,,,,0,,,,,,1,1,1,0,,,,,,,,0,,0,,,,,,0,,0
"2020-01-18","WA",,,,0,,,,,0,,,,0,,,,,,0,0,0,0,,,,,,,,0,,0,,,,,,0,,0
"2020-01-17","WA",,,,0,,,,,0,,,,0,,,,,,0,0,0,0,,,,,,,,0,,0,,,,,,0,,0
"2020-01-16","WA",,,,0,,,,,0,,,,0,,,,,,0,0,0,0,,,,,,,,0,,0,,,,,,0,,0
"2020-01-15","WA",,,,0,,,,,0,,,,0,,,,,,0,0,0,0,,,,,,,,0,,0,,,,,,0,,0
"2020-01-14","WA",,,,0,,,,,0,,,,0,,,,,,0,0,0,0,,,,,,,,0,,0,,,,,,0,,0
"2020-01-13","WA",,,,0,,,,,0,,,,0,,,,,,,,0,0,,,,,,,,0,,0,,,,,,0,,0